sr.No,username,password,businessReferenceCode,fullName,gender,phoneNumber,identityNumber,identityType,dateOfBirth
1,jalonortiz_5880647@example.com,12345678Ac!,SGBERC,Misael Rice,Female,,,,
2,otishyatt_3521521@example.com,12345678Ac!,SGHUDF,Janice Cormier Sr.,Female,,,,
3,nickolaslarson_8744194@example.net,12345678Ac!,SGBAEL,Adolf Lueilwitz,Female,,,,
4,shannaanderson_9829317@example.net,12345678Ac!,SGHUDP,Janessa Nolan,Male,,,,
5,mua_automation1@example.com,12345678Ac!,SGMUAF,Mua_automation,Male,,,,
6,lorabahringer_3488565@example.com,99999999,SGWDEC,Karine Howell,Male,,,,
7,trinityauer_4100677@example.com,12345678Ac!,SGCNNT,Drake Nolan,Male,,,,
8,maureencasper_4096908@example.com,12345678Ac!,SGBAAH,Rubie Doyle,Male,,,,
9,agustinaboehm_3185568@example.net,12345678Ac!,SGRSEP,Dr. Houston Prohaska,Male,,,,
10,zettaoconner_980462@example.com,12345678Ac!,SGURCG,Margarette Hickle,Male,,,,
11,Sanjeevan
12,Sanjeevan
13,Sanjeevan
14,Sanjeevan
15,Sanjeevan
16,Sanjeevan
17,Sanjeevan
18,Sanjeevan
19,Sanjeevan
20,eulahmcglynn_9524213@example.com,12345678Ac!,SGFRGG,Rose Huel,Male,,,,
21,elvalehner_4106755@example.com,12345678Ac!,SGHANL,Tatum Miller,Male,,,,
22,serenabartell_3366122@example.net,12345678Ac!,SGTERB,Faye Will,Male,,,,
23,gaetanowalker_3140550@example.net,12345678Ac!,SGHAGA,Marjorie Kub,Male,,,,
24,rebecakonopelski_7370543@example.org,12345678Ac!,SGTURR,Seth Beatty,Male,,,,
25,Priya
26,Priya
27,Priya
28,Priya
29,Priya
30,admin_usec_01@example.com,12345678Ac!,SGCNNT,Drake Nolan,Female,,,,
31,admin_usec_02@example.com,12345678Ac!,SGBAAH,Sydney Kirlin,Female,,,,
32,admin_usec_03@example.com,12345678Ac!,SGWDEC,Samantha Parisian,Female,,,,
33,admin_usec_04@example.com,12345678Ac!,SGBAAH,Emmitt Hamill,Male,,,,
34,admin_usec_05@example.com,12345678Ac!,SGCNNT,Broderick Ondricka,Male,,,,
35,admin_usec_06@example.com,12345678Ac!,SGBAAH,Ulices Howell,Female,,,,
36,admin_usec_07@example.com,12345678Ac!,SGWDEC,Otilia Walsh,Female,,,,
37,admin_usec_08@example.com,12345678Ac!,SGWDEC,Layne Dicki,Male,,,,
38,admin_usec_09@example.com,12345678Ac!,SGWDEC,Cloyd Grady,Male,,,,
39,admin_usec_10@example.com,12345678Ac!,SGWDEC,Otilia Walsh,Female,,,,
40,quan.ad@example.com,12345678Ac!,SGSCHJ,Quan Admin,Female,,1478327107,ID,26061997-ddMMyyyy
41,quan.ad1@example.com,12345678Ac!,SGSCHJ,Don Barton,Male,,87068A36-CB14-3E74-A592-6717EFE167A8,ID,25121980-ddMMyyyy
42,quan.ad2@example.com,12345678Ac!,SGSCHJ,Saas Admin Bo,Male,,87235485-6F7F-3014-BCE6-60C44BC1D227,ID,08121981-ddMMyyyy
43,Quan
44,Quan
45,Quan
46,Quan
47,Quan
48,Quan
49,Quan
50,test_missingfile@asp.com,12345678Ac!,SGTEM9,User To Test Missing File - Dont Update,Male,,,,
51,test_multiplebusinesses@asp.com,12345678Ac!,SGTERY,User Test Multiple Businesses - Dont Update,Female,,,,
52,Loc
53,Loc
54,Loc
55,Loc
56,Loc
57,Loc
58,Loc
59,Loc
60,admin_usec_11@example.com,12345678Ac@,SGCNNT,Vivianne Daugherty,Male,,13091990,passport,1990-09-13
61,admin_usec_12@example.com,12345678Ac@,SGBAAH,Amya Kulas,Male,,13091990,passport,1990-09-13
62,admin_usec_13@example.com,12345678Ac@,SGCNNT,Hayley Stamm,Male,,13091990,Passport,13091990-ddMMyyyy
63,admin_usec_14@example.com,12345678Ac@,SGCNNT,Charlotte Schinner,Male,,13091990,Passport,13091990-ddMMyyyy
64,admin_usec_15@example.com,12345678Ac@,SGCNNT,Johnson Beatty,Male,,,,
65,admin_usec_16@example.com,12345678Ac@,SGCNNT,Savanah Lesch,Female,+6563565575,,,
66,Tan
67,Tan
68,Tan
69,Tan
70,Tan