paymentLinkRowNo,customer,currency,amount,updatedAmount,description,updatedDescription,dueDate,linkExpiryDate,paymentOptions,status,counterpartyUuid,paymentLinkExpiryDate
1,1st Customer,SGD,100,105,Desc {dateCurrent_yyyyMMddHHmmssSSS},Updated description 1,{date7DaysAfterToday_dd MMM yyyy},{date14DaysAfterToday_dd MMM yyyy},,Due in 7 days,98d6f439-0fc7-4889-85e1-6ad8d9cf9717
2,1st Customer,SGD,102,105,Desc {dateCurrent_yyyyMMddHHmmssSSS},Updated description 1,{date7DaysAfterToday_dd MMM yyyy},{date14DaysAfterToday_dd MMM yyyy},,Due in 7 days,98d6f439-0fc7-4889-85e1-6ad8d9cf9717
3,1st Customer,SGD,103,105,Desc {dateCurrent_yyyyMMddHHmmssSSS},Updated description 1,{date7DaysAfterToday_dd MMM yyyy},{date14DaysAfterToday_dd MMM yyyy},,Due,98d6f439-0fc7-4889-85e1-6ad8d9cf9717,{date14DaysAfterToday_yyyy-MM-dd}
4,ABC dat de,SGD,100,105,Desc {dateCurrent_yyyyMMddHHmmssSSS},Updated description 1,{date7DaysAfterToday_dd MMM yyyy},{date14DaysAfterToday_dd MMM yyyy},,Due,99059c0f-47c1-40d6-9b32-337c69c0a5fa,{date14DaysAfterToday_yyyy-MM-dd}
5,ABC dat de,SGD,102,105,Desc {dateCurrent_yyyyMMddHHmmssSSS},Updated description 1,{date7DaysAfterToday_dd MMM yyyy},{date14DaysAfterToday_dd MMM yyyy},,Due,99059c0f-47c1-40d6-9b32-337c69c0a5fa,{date14DaysAfterToday_yyyy-MM-dd}
6,ABC dat de,SGD,103,105,Desc {dateCurrent_yyyyMMddHHmmssSSS},Updated description 1,{date7DaysAfterToday_dd MMM yyyy},{date14DaysAfterToday_dd MMM yyyy},,Due,99059c0f-47c1-40d6-9b32-337c69c0a5fa,{date14DaysAfterToday_yyyy-MM-dd}
7,3 Customer,SGD,103,105,,,{date7DaysAfterToday_dd MMM yyyy},{date14DaysAfterToday_dd MMM yyyy},,Due,99174269-4285-46e3-a2f4-4f7d2b39434d,{date14DaysAfterToday_yyyy-MM-dd}
8,di dai,SGD,103,105,,,{date7DaysAfterToday_dd MMM yyyy},{date14DaysAfterToday_dd MMM yyyy},,Due,99176b9d-605f-4d6b-bb88-8bd771e8ee4e,{date14DaysAfterToday_yyyy-MM-dd}
9,a bo co,SGD,103,105,,,{date7DaysAfterToday_dd MMM yyyy},{date14DaysAfterToday_dd MMM yyyy},,Due,99178256-4bab-477d-ab32-92e83f3ab436,{date14DaysAfterToday_yyyy-MM-dd}
10,a bo co,SGD,103,105,,,{date7DaysAfterToday_dd MMM yyyy},{date14DaysAfterToday_dd MMM yyyy},,Due,9917ac6e-3066-42f9-88f7-04f6b264f400,{date14DaysAfterToday_yyyy-MM-dd}
11,KAmu,SGD,103,,,,,,,Due,9917bb47-1167-4abf-a610-c39945e6a6a5,
12,KaMu Biz,SGD,103,,,,,,,Due,9917bc3a-1a2a-4550-a200-9a98fe1c802b,